Workbook

Sheet Purchase Orders
A1: PO_ID | B1: Supplier | C1: PO_Amount | D1: PO_Date
A2: PO-1001 | B2: Fenwick IT Services | C2: 734.39 | D2: 2026-05-08
A3: PO-1002 | B3: Bright Office Supplies | C3: 869.78 | D3: 2026-02-22
A4: PO-1003 | B4: Fenwick IT Services | C4: 4482.46 | D4: 2026-02-19
A5: PO-1004 | B5: Delta Print & Design | C5: 352.56 | D5: 2026-02-07
A6: PO-1005 | B6: Bright Office Supplies | C6: 2625.71 | D6: 2026-01-18
A7: PO-1006 | B7: Bright Office Supplies | C7: 3636.89 | D7: 2026-07-08
A8: PO-1007 | B8: Delta Print & Design | C8: 3028.48 | D8: 2026-01-25
A9: PO-1008 | B9: Bright Office Supplies | C9: 3551.07 | D9: 2026-06-09
A10: PO-1009 | B10: Bright Office Supplies | C10: 1233.51 | D10: 2026-06-04
A11: PO-1010 | B11: Alpha Trading Co | C11: 2023.65 | D11: 2026-06-28
A12: PO-1011 | B12: Coastal Logistics | C12: 3097.88 | D12: 2026-01-24
A13: PO-1012 | B13: Delta Print & Design | C13: 2773.89 | D13: 2026-07-03
... A16: PO-1015 | B16: Bright Office Supplies | C16: 3910.73 | D16: 2026-02-28

Sheet Invoices
A1: Invoice_ID | B1: PO_ID | C1: Supplier | D1: Invoice_Amount | E1: Invoice_Date
A2: INV-2001 | B2: PO-1001 | C2: Fenwick IT Services | D2: 734.39 | E2: 2026-05-08
A3: INV-2002 | B3: PO-1002 | C3: Bright Office Supplies | D3: 869.78 | E3: 2026-02-22
A4: INV-2003 | B4: PO-1003 | C4: Fenwick IT Services | D4: 4632.46 | E4: 2026-02-19
A5: INV-2004 | B5: PO-1004 | C5: Delta Print & Design | D5: 352.56 | E5: 2026-02-07
A6: INV-2005 | B6: PO-1005 | C6: Bright Office Supplies | D6: 2625.71 | E6: 2026-01-18
A7: INV-2006 | B7: PO-1006 | C7: Bright Office Supplies | D7: 3561.39 | E7: 2026-07-08
A8: INV-2007 | B8: PO-1007 | C8: Delta Print & Design | D8: 3028.48 | E8: 2026-01-25
A9: INV-2008 | B9: PO-1008 | C9: Bright Office Supplies | D9: 3551.07 | E9: 2026-06-09
A10: INV-2009 | B10: PO-1009 | C10: Bright Office Supplies | D10: 1233.51 | E10: 2026-06-04
A11: INV-2010 | B11: PO-1010 | C11: Alpha Trading Co | D11: 2023.65 | E11: 2026-06-28
A12: INV-2011 | B12: PO-1010 | C12: Alpha Trading Co | D12: 2023.65 | E12: 2026-06-28
A13: INV-2012 | B13: PO-1011 | C13: Coastal Logistics | D13: 3097.88 | E13: 2026-01-24
... A18: INV-2017 | B18: PO-9999 | C18: Coastal Logistics | D18: 640 | E18: 2026-07-15

Sheet Payments
A1: Payment_ID | B1: Invoice_ID | C1: Payment_Amount | D1: Payment_Date
A2: PAY-3001 | B2: INV-2001 | C2: 734.39 | D2: 2026-05-08
A3: PAY-3002 | B3: INV-2002 | C3: 869.78 | D3: 2026-02-22
A4: PAY-3003 | B4: INV-2003 | C4: 4632.46 | D4: 2026-02-19
A5: PAY-3004 | B5: INV-2004 | C5: 352.56 | D5: 2026-02-07
A6: PAY-3005 | B6: INV-2006 | C6: 3561.39 | D6: 2026-07-08
A7: PAY-3006 | B7: INV-2007 | C7: 3028.48 | D7: 2026-01-25
A8: PAY-3007 | B8: INV-2008 | C8: 2130.64 | D8: 2026-06-09
A9: PAY-3008 | B9: INV-2009 | C9: 1233.51 | D9: 2026-06-04
A10: PAY-3009 | B10: INV-2010 | C10: 2023.65 | D10: 2026-06-28
A11: PAY-3010 | B11: INV-2011 | C11: 2023.65 | D11: 2026-06-28
A12: PAY-3011 | B12: INV-2013 | C12: 2773.89 | D12: 2026-07-03
A13: PAY-3012 | B13: INV-2014 | C13: 1607.26 | D13: 2026-06-19
... A16: PAY-3015 | B16: INV-2017 | C16: 640 | D16: 2026-07-15

Sheet Exceptions
A1: Invoice Reconciliation — Exception Report
A3: Invoice_ID | B3: Supplier | C3: PO_ID | D3: PO_Amount | E3: Invoice_Amount | F3: Total_Paid | G3: Amount_Variance | H3: Exception_Type
A4: =Invoices!A2 -> INV-2001 | B4: =Invoices!C2 -> Fenwick IT Services | C4: =Invoices!B2 -> PO-1001 | D4: =IFERROR(INDEX('Purchase Orders'!$C$2:$C$16,MATCH(C4,'Purchase Orders'!$A$2:$A$16,0)),"") -> 734.39 | E4: =Invoices!D2 -> 734.39 | F4: =SUMIF(Payments!$B$2:$B$16,A4,Payments!$C$2:$C$16) -> 734.39 | G4: =E4-F4 -> 0 | H4: =IF(D4="","No matching PO",IF(ABS(E4-D4)>0.01,"PO/Invoice amount mismatch",IF(F4=0,"Unpaid",IF(ABS(F4-E4)>0.01,"Payment amount mismatch","OK")))) -> OK
A5: =Invoices!A3 -> INV-2002 | B5: =Invoices!C3 -> Bright Office Supplies | C5: =Invoices!B3 -> PO-1002 | D5: =IFERROR(INDEX('Purchase Orders'!$C$2:$C$16,MATCH(C5,'Purchase Orders'!$A$2:$A$16,0)),"") -> 869.78 | E5: =Invoices!D3 -> 869.78 | F5: =SUMIF(Payments!$B$2:$B$16,A5,Payments!$C$2:$C$16) -> 869.78 | G5: =E5-F5 -> 0 | H5: =IF(D5="","No matching PO",IF(ABS(E5-D5)>0.01,"PO/Invoice amount mismatch",IF(F5=0,"Unpaid",IF(ABS(F5-E5)>0.01,"Payment amount mismatch","OK")))) -> OK
A6: =Invoices!A4 -> INV-2003 | B6: =Invoices!C4 -> Fenwick IT Services | C6: =Invoices!B4 -> PO-1003 | D6: =IFERROR(INDEX('Purchase Orders'!$C$2:$C$16,MATCH(C6,'Purchase Orders'!$A$2:$A$16,0)),"") -> 4482.46 | E6: =Invoices!D4 -> 4632.46 | F6: =SUMIF(Payments!$B$2:$B$16,A6,Payments!$C$2:$C$16) -> 4632.46 | G6: =E6-F6 -> 0 | H6: =IF(D6="","No matching PO",IF(ABS(E6-D6)>0.01,"PO/Invoice amount mismatch",IF(F6=0,"Unpaid",IF(ABS(F6-E6)>0.01,"Payment amount mismatch","OK")))) -> PO/Invoice amount mismatch
A7: =Invoices!A5 -> INV-2004 | B7: =Invoices!C5 -> Delta Print & Design | C7: =Invoices!B5 -> PO-1004 | D7: =IFERROR(INDEX('Purchase Orders'!$C$2:$C$16,MATCH(C7,'Purchase Orders'!$A$2:$A$16,0)),"") -> 352.56 | E7: =Invoices!D5 -> 352.56 | F7: =SUMIF(Payments!$B$2:$B$16,A7,Payments!$C$2:$C$16) -> 352.56 | G7: =E7-F7 -> 0 | H7: =IF(D7="","No matching PO",IF(ABS(E7-D7)>0.01,"PO/Invoice amount mismatch",IF(F7=0,"Unpaid",IF(ABS(F7-E7)>0.01,"Payment amount mismatch","OK")))) -> OK
A8: =Invoices!A6 -> INV-2005 | B8: =Invoices!C6 -> Bright Office Supplies | C8: =Invoices!B6 -> PO-1005 | D8: =IFERROR(INDEX('Purchase Orders'!$C$2:$C$16,MATCH(C8,'Purchase Orders'!$A$2:$A$16,0)),"") -> 2625.71 | E8: =Invoices!D6 -> 2625.71 | F8: =SUMIF(Payments!$B$2:$B$16,A8,Payments!$C$2:$C$16) -> 0 | G8: =E8-F8 -> 2625.71 | H8: =IF(D8="","No matching PO",IF(ABS(E8-D8)>0.01,"PO/Invoice amount mismatch",IF(F8=0,"Unpaid",IF(ABS(F8-E8)>0.01,"Payment amount mismatch","OK")))) -> Unpaid
A9: =Invoices!A7 -> INV-2006 | B9: =Invoices!C7 -> Bright Office Supplies | C9: =Invoices!B7 -> PO-1006 | D9: =IFERROR(INDEX('Purchase Orders'!$C$2:$C$16,MATCH(C9,'Purchase Orders'!$A$2:$A$16,0)),"") -> 3636.89 | E9: =Invoices!D7 -> 3561.39 | F9: =SUMIF(Payments!$B$2:$B$16,A9,Payments!$C$2:$C$16) -> 3561.39 | G9: =E9-F9 -> 0 | H9: =IF(D9="","No matching PO",IF(ABS(E9-D9)>0.01,"PO/Invoice amount mismatch",IF(F9=0,"Unpaid",IF(ABS(F9-E9)>0.01,"Payment amount mismatch","OK")))) -> PO/Invoice amount mismatch
A10: =Invoices!A8 -> INV-2007 | B10: =Invoices!C8 -> Delta Print & Design | C10: =Invoices!B8 -> PO-1007 | D10: =IFERROR(INDEX('Purchase Orders'!$C$2:$C$16,MATCH(C10,'Purchase Orders'!$A$2:$A$16,0)),"") -> 3028.48 | E10: =Invoices!D8 -> 3028.48 | F10: =SUMIF(Payments!$B$2:$B$16,A10,Payments!$C$2:$C$16) -> 3028.48 | G10: =E10-F10 -> 0 | H10: =IF(D10="","No matching PO",IF(ABS(E10-D10)>0.01,"PO/Invoice amount mismatch",IF(F10=0,"Unpaid",IF(ABS(F10-E10)>0.01,"Payment amount mismatch","OK")))) -> OK
A11: =Invoices!A9 -> INV-2008 | B11: =Invoices!C9 -> Bright Office Supplies | C11: =Invoices!B9 -> PO-1008 | D11: =IFERROR(INDEX('Purchase Orders'!$C$2:$C$16,MATCH(C11,'Purchase Orders'!$A$2:$A$16,0)),"") -> 3551.07 | E11: =Invoices!D9 -> 3551.07 | F11: =SUMIF(Payments!$B$2:$B$16,A11,Payments!$C$2:$C$16) -> 2130.64 | G11: =E11-F11 -> 1420.43 | H11: =IF(D11="","No matching PO",IF(ABS(E11-D11)>0.01,"PO/Invoice amount mismatch",IF(F11=0,"Unpaid",IF(ABS(F11-E11)>0.01,"Payment amount mismatch","OK")))) -> Payment amount mismatch
A12: =Invoices!A10 -> INV-2009 | B12: =Invoices!C10 -> Bright Office Supplies | C12: =Invoices!B10 -> PO-1009 | D12: =IFERROR(INDEX('Purchase Orders'!$C$2:$C$16,MATCH(C12,'Purchase Orders'!$A$2:$A$16,0)),"") -> 1233.51 | E12: =Invoices!D10 -> 1233.51 | F12: =SUMIF(Payments!$B$2:$B$16,A12,Payments!$C$2:$C$16) -> 1233.51 | G12: =E12-F12 -> 0 | H12: =IF(D12="","No matching PO",IF(ABS(E12-D12)>0.01,"PO/Invoice amount mismatch",IF(F12=0,"Unpaid",IF(ABS(F12-E12)>0.01,"Payment amount mismatch","OK")))) -> OK
A13: =Invoices!A11 -> INV-2010 | B13: =Invoices!C11 -> Alpha Trading Co | C13: =Invoices!B11 -> PO-1010 | D13: =IFERROR(INDEX('Purchase Orders'!$C$2:$C$16,MATCH(C13,'Purchase Orders'!$A$2:$A$16,0)),"") -> 2023.65 | E13: =Invoices!D11 -> 2023.65 | F13: =SUMIF(Payments!$B$2:$B$16,A13,Payments!$C$2:$C$16) -> 2023.65 | G13: =E13-F13 -> 0 | H13: =IF(D13="","No matching PO",IF(ABS(E13-D13)>0.01,"PO/Invoice amount mismatch",IF(F13=0,"Unpaid",IF(ABS(F13-E13)>0.01,"Payment amount mismatch","OK")))) -> OK
A14: =Invoices!A12 -> INV-2011 | B14: =Invoices!C12 -> Alpha Trading Co | C14: =Invoices!B12 -> PO-1010 | D14: =IFERROR(INDEX('Purchase Orders'!$C$2:$C$16,MATCH(C14,'Purchase Orders'!$A$2:$A$16,0)),"") -> 2023.65 | E14: =Invoices!D12 -> 2023.65 | F14: =SUMIF(Payments!$B$2:$B$16,A14,Payments!$C$2:$C$16) -> 2023.65 | G14: =E14-F14 -> 0 | H14: =IF(D14="","No matching PO",IF(ABS(E14-D14)>0.01,"PO/Invoice amount mismatch",IF(F14=0,"Unpaid",IF(ABS(F14-E14)>0.01,"Payment amount mismatch","OK")))) -> OK
A15: =Invoices!A13 -> INV-2012 | B15: =Invoices!C13 -> Coastal Logistics | C15: =Invoices!B13 -> PO-1011 | D15: =IFERROR(INDEX('Purchase Orders'!$C$2:$C$16,MATCH(C15,'Purchase Orders'!$A$2:$A$16,0)),"") -> 3097.88 | E15: =Invoices!D13 -> 3097.88 | F15: =SUMIF(Payments!$B$2:$B$16,A15,Payments!$C$2:$C$16) -> 0 | G15: =E15-F15 -> 3097.88 | H15: =IF(D15="","No matching PO",IF(ABS(E15-D15)>0.01,"PO/Invoice amount mismatch",IF(F15=0,"Unpaid",IF(ABS(F15-E15)>0.01,"Payment amount mismatch","OK")))) -> Unpaid
... A20: =Invoices!A18 -> INV-2017 | B20: =Invoices!C18 -> Coastal Logistics | C20: =Invoices!B18 -> PO-9999 | D20: =IFERROR(INDEX('Purchase Orders'!$C$2:$C$16,MATCH(C20,'Purchase Orders'!$A$2:$A$16,0)),"") | E20: =Invoices!D18 -> 640 | F20: =SUMIF(Payments!$B$2:$B$16,A20,Payments!$C$2:$C$16) -> 640 | G20: =E20-F20 -> 0 | H20: =IF(D20="","No matching PO",IF(ABS(E20-D20)>0.01,"PO/Invoice amount mismatch",IF(F20=0,"Unpaid",IF(ABS(F20-E20)>0.01,"Payment amount mismatch","OK")))) -> No matching PO

Sheet Summary
A1: Exception Summary
A3: Exception_Type | B3: Count
A4: No matching PO | B4: =COUNTIF(Exceptions!$H$4:$H$20,A4) -> 1
A5: PO/Invoice amount mismatch | B5: =COUNTIF(Exceptions!$H$4:$H$20,A5) -> 2
A6: Unpaid | B6: =COUNTIF(Exceptions!$H$4:$H$20,A6) -> 2
A7: Payment amount mismatch | B7: =COUNTIF(Exceptions!$H$4:$H$20,A7) -> 1
A8: OK | B8: =COUNTIF(Exceptions!$H$4:$H$20,A8) -> 11
